1,the tendency divorce racial disparity economic inequality long liberal lineage URL
2,great article
3,hillary clinton medium alies gleefully tout coronavirus case slam trump hatred president come
1250824563442814977,targeted isi account URL URL URL target iceisis opiceisis
1250824563677528064,a ive said since march URL
1250824564788957186,scheduled caste dr kanchana gopinath sony india pvt ltd backward class riyad rasheeds URL
1250824565690941442,the covid19 pandemic exacerbating ongoing crisis affect displaced community iraq including
1250824569532932097,it recurring problem realpolitik speak strategically instead honestly people see it URL
1250824575568326656,congratulation king bts v million
1250824575832686598,after bernies historic blowout win nevada following weeklong news cycle praise cuba
1250824578349371394,biden quote tonight virtual fundraiser compared famous hillary clinton basket deplorables quote
1250824583097257986,hillary clinton
1250824587836657664,wth researcher reveal clinton foundation linked who pepfar gate foundation global fund stop
1250824589086732293,from cbs news bernie sander interview morning tara reade allegation URL
1250824590047285252,steele source voiced hillary clinton tie kremlin URL
1250824590948995073,he literally compared coronavirus campaign fall france
1250824594329464832,senator sander mince word clip tara reade right heard deserves public
1250824594438619136,the campaign colluded russia hillary clinton URL
1250824594556162049,hillary clinton hit crushing blow state justice department agree must testify benghazi URL
1250824594635644929,after bernies historic blowout win nevada following weeklong news cycle praise cuba
1250824594954629123,it stunning predictable would deny medium bias sander part it october
1250824595332116480,after bernies historic blowout win nevada following weeklong news cycle praise cuba
1250824596158328834,steele source voiced hillary clinton tie kremlin URL
1250824596502261764,he literally compared coronavirus campaign fall france URL
1250824596858654720,pocahontas ripped bloomberg nondisclosure agreement endorsed pervert joe biden alyssa milano still trash
1250824597739536386,mainstream medium feel pretty convinced bernie sander supporter vote joe biden general
1250824598184235008,this incredible msnbc basically wanted viewer hear bernie one day one day only day
1250824598788009984,hillary clinton hit crushing blow state justice department agree must testify benghazi URL
1250824598767251457,fakenews losing mind trump normal president stuff pity forgot obama exact
1250824600394641408,bernie sander take dnc obama never going take pharmaceutical mic fossil fuel
1250824601329950720,aw heck chris aw jeez URL
1250824601434759168,steele source voiced hillary clinton tie kremlin URL
1250824602344804353,throw ejaz khan URL
1250824605599588352,a dcompany dwises gang spread confidential terrorism gang similar way going URL
1250824606291722241,one day tell grandchild time gaffe taped bernie ipad cushion could talk
1250824609211047937,michelle barack obama longer lawyer not president trump judged based success
1250824609408200704,judicial watch served subpoena yesterday google produce hillary missing email google
1250824611660361729,he literally compared coronavirus campaign fall france
1250824612222513155,steele source voiced hillary clinton tie kremlin URL
1250824613208211456,well invited URL
1250824614646878210,the campaign colluded russia hillary clinton URL
1250824615217119233,one day tell grandchild time gaffe taped bernie ipad cushion could talk
1250824615137382400,became problem primary race bernie sander hit scene neolibs
1250824617452863489,q support gay marriage biden yalls candidate
1250824618245488645,he literally compared coronavirus campaign fall france URL
1250824620497752065,v tweet reached like liked tweet btss v join barack obama
1250824622003675136,the medium forget obama dealt killing blow progressive movement URL
1250824625497370624,hindu nationalism must if there everyone safe URL
1250824625497559041,boom
1250824626713829378,senator ted cruz blast barack obama obama complains gop propaganda network senator cruz right
1250824628072861696,forgotten story crooked hillary directed maid security clearance top secret
1250824629775749126,the campaign colluded russia hillary clinton URL
1250824632178864128,it trump win dnc leadership change rewarded
1250824636549365760,im donate bernie no refund sander
1250824637107318790,this isareli idf treating palestinian woman childrens see difference idf isi
1250824639661703169,hillary clinton hit crushing blow state justice department agree must testify benghazi URL
1250824640521318400,the campaign colluded russia hillary clinton URL
1250824640655589376,the campaign colluded russia hillary clinton URL
1250824640777187328,polling reveals warren broadly popular potential vp nominee among party matter
1250824640999460864,top muslim political group previously backed bernie sander back biden URL smartnews
1250824641435693056,the campaign colluded russia hillary clinton URL
1250824644128636932,judicial watch served subpoena yesterday google produce hrc missing email judicialwatch
1250824644384489473,after bernies historic blowout win nevada following weeklong news cycle praise cuba
1250824647479898112,new party line hillary clinton paid britain top russia spy produce putin disinformation plant u
1250824650621423618,i got morning already flipped property dinner scheduled jayz meeting bill
1250824650688356353,aw heck chris aw jeez URL
1250824655411261441,it stunning predictable would deny medium bias sander part it october
1250824662893973512,hrcis idiot
1250824667650113541,after bernies historic blowout win nevada following weeklong news cycle praise cuba
1250824670443720705,steele source voiced hillary clinton tie kremlin URL via
1250824673765412865,which sold faster month bernie sander toilet paper
1250824674818359298,dont forget time msnbc blatantly altered polling data URL
1250824675455836160,hillary clinton hit crushing blow state justice department agree must testify benghazi URL
1250824675644465158,here people seem understand giving email list away reproduce success
1250824676692987904,clinton belongs never trust woman destroys life girl raped laughed
1250824678354100229,it stunning predictable would deny medium bias sander part it october
1250824682254880769,steele source voiced hillary clinton tie kremlin URL
1250824682514731008,google subpoenaed hillary clinton email believed contain backup record scrubbed bleachbit
1250824682770763778,this socialism hard sell u tbh even bernie sander interest stock market
1250824684016414726,after bernies historic blowout win nevada following weeklong news cycle praise cuba
1250824684033228802,i trust who china un medium democrat general nancy pelosi schumer obama biden
1250824684389744641,the campaign colluded russia hillary clinton URL
1250824684687421441,jagmohan responsible kasiri pandit exodus indira responsible sikh radicalisation bjp
1250824685094236161,v tweet reached like liked tweet btss v join barack obama
1250824685970788352,after bernies historic blowout win nevada following weeklong news cycle praise cuba
1250824690131767299,steele source voiced hillary clinton tie kremlin URL
1250824690454728704,it stunning predictable would deny medium bias sander part it october
1250824691834650625,it stunning predictable would deny medium bias sander part it october
1250824694988771330,kim taehyung barack obama kobe bryant celebrity tweet surpass like
1250824695772876800,the campaign colluded russia hillary clinton URL
1250824698318987264,maybe put squeeze let lie know answer ask URL
1250824698692337664,after bernies historic blowout win nevada following weeklong news cycle praise cuba
1250824699002617870,google subpoenaed hillary clinton email believed contain backup record scrubbed bleachbit strap
1250824700667846661,one reason taken long people finally see barack obama people like
1250824700395216902,after bernies historic blowout win nevada following weeklong news cycle praise cuba
1250824701867249664,obama shut hillary clinton consultant forever gaining power dnc
1250824703289294853,after bernies historic blowout win nevada following weeklong news cycle praise cuba
1250824703930970115,steele source voiced hillary clinton tie kremlin URL
1250824705918947328,remember democrat banded together stop bernie sander ever stop reagan bush trump
1250824708255150080,i got morning already flipped property dinner scheduled jayz meeting bill
1250824711946358785,nsfw dom sub top bottom porn boob dick penis cock tiktok nude benji jeyjey charli dixie addison lilhuddy URL
1250824712709701634,bernie always trumpleft
1250824713779249152,after bernies historic blowout win nevada following weeklong news cycle praise cuba
