1244243209133395974,RT @HeyTammyBruce: This. Because this is how terrified the left is of one powerful woman, Dr. Deborah Birx, who dares to be honest, her own‚Ä¶
1244243213029957633,@stclairashley Its CRAZY right? I was hooked right away... and Carole reminds me of Hillary Clinton...
1244243216280494080,RT @ebooks_sonic: Barack Obama sacrificed themself to save the red Chaos Emerald
1244243219136671746,RT @BrianDMcBride: A sizable portion of Bernie supporters would really make us live through four more years of this hellscape just to stick‚Ä¶
1244243219698851847,RT @BiancaNDelarosa: I want to thank @ContentedIndie for doing this video.

I was doxxed again today, and it's kinda scary to have people a‚Ä¶
1244243221292765189,RT @GreggJarrett: Like Houdini, Hillary Clinton Plots Another Escape https://t.co/K1UAbf7Sa5
1244243221460459521,@Mstruthseeker1 @yy80803563 @RFNewyork @caroll4x @VishwaP01163586 @Akshita34950789 @I_marmot @MeCommunist‚Ä¶ https://t.co/xxYfEIkLkf
1244243222227894272,RT @Frontalfire: While the whole world is fighting Pandemic of #ChinaVirus 2 Pak terrorist with ISIS links posing threat of attacks in Delh‚Ä¶
1244243225428332544,RT @lyta_gold: bernie sanders: *yells about inequality*

liberal feminists: this is basically assault

former biden staffer: joe biden sexu‚Ä¶
1244243227655487488,RT @Kmiele1: This ‚ù§Ô∏è gets you a follow!
1244243231811854336,RT @CRRJA5: .@realDonaldTrump Dec 4,2017  I feel badly for @GenFlynn  He led a very strong life They ruined his life 
Hillary Clinton Lied‚Ä¶
1244243234840289280,RT @charliekirk11: RT if you‚Äôre thankful Donald Trump is leading us through this pandemic and NOT Hillary Clinton!
1244243236132134912,RT @WayneDupreeShow: Yowza! Ted Cruz put that wicked witch back on her broom and ran her straight outta town üòÇ

https://t.co/1nUPtmkVOE
1244243241509228546,RT @RedState: Analysis: In Wuhan Virus Crisis, Hillary Clinton Exposes Her True Colors -- via @sistertoldjah - #ICYMI https://t.co/xzrlH3K4‚Ä¶
1244243243551907841,RT @charliekirk11: Despicable:

Hillary Clinton just shared an article about how America has more people infected by Coronavirus than any o‚Ä¶
1244243244092882946,RT @_EthanGrey: We're not doing this again. People are dying because Hillary Clinton isn't presiding over our national response to a pandem‚Ä¶
1244243250040406018,@RealSteveCox Bernie Sanders better run 3rd party (heard Green party wanted him to run with them) if they pull this‚Ä¶ https://t.co/xgnoJ22Ajy
1244243271167115267,RT @AngeleStar111: Former Hillary Clinton Staffer Tells Trump Supporters To ‚ÄòChew Some Ibuprofen And Be On With Your Day,‚Äô Refuse Ventilato‚Ä¶
1244243273427927045,RT @BethLynch2020: there really is always a video of him trying to do the right thing before things go sideways.
1244243276133052416,RT @LATAMforTRUMP: #TrumpGenocide ? 
Barack Obama is the only president in the history of the US to exercise his eight-year term with the c‚Ä¶
1244243277164867585,RT @elvis_tess: Bernie Sanders is fighting for us everyday. It's time to #UniteWithBernie 

Pass it on!
1244243285876658177,Bernie Sanders: STIMULUS CHECK FOR DEPENDENTS - Sign the Petition! https://t.co/nwjIlYF740 via @Change
1244243286426075141,@IamIamkidt @shaunking Yeah when the MSM stand behind Biden and dismiss his physical and mental issues and attackin‚Ä¶ https://t.co/EhpZ9M6U9N
1244243287940182016,@FoxNews I‚Äôve said this before several time! Since @donnabrazile cheated by giving Hillary Clinton answers to debat‚Ä¶ https://t.co/hMlCuNGK1d
1244243288300888064,RT @KyleLovesBernie: THEY SAY JOE BIDEN IS MORE ELECTABLE THAN BERNIE SANDERS.

FUNNY, I DON'T REMEMBER BEING A SEXUAL PREDATOR  RAPIST AND‚Ä¶
1244243290351980544,RT @RoseFasa: CW: Antisemitism, swastiska

Nazis vandalized a Bernie Sanders office in Florida. They spray painted swastikas &amp; wrote, ‚Äúvoti‚Ä¶
1244243294470778880,RT @charliekirk11: Despicable:

Hillary Clinton just shared an article about how America has more people infected by Coronavirus than any o‚Ä¶
1244243296244858885,SHE MUST GO TO PRISON
1244243299000446976,RT @nprpolitics: Facing Likely Defeat, Bernie Sanders' Campaign Found A New Cause https://t.co/tghGIxxXY9
1244243301303087104,RT @Orcusa1: Hillary Clinton now thinks she has indisputable right not to answer questions about her emai server and Benghazi.

She needs t‚Ä¶
1244243303643721730,We need Bernie
@BernieSanders
1244243306659405825,While it is too early to know how accurate this will be in November, that 15% of polled Bernie voters say they will‚Ä¶ https://t.co/exTZJ6LxNl
1244243307284312065,RT @lyta_gold: bernie sanders: *yells about inequality*

liberal feminists: this is basically assault

former biden staffer: joe biden sexu‚Ä¶
1244243308840472576,WE WANT DEBATE! WE WANT DEBATE!...
1244243312141307905,RT @jeremymbarr: Will Fox News put Greg Gutfeld "on hiatus" or "part ways" with him for saying that Hillary Clinton should "rot in hell?" h‚Ä¶
1244243313429004290,#BernieSanders cut my nose off to spite my face
1244243318285967361,RT @Orcusa1: Hillary Clinton now thinks she has indisputable right not to answer questions about her emai server and Benghazi.

She needs t‚Ä¶
1244243320311894021,RT @KamVTV: Hillary Clinton and her media alies gleefully tout Coronavirus cases to slam Trump

Their hatred for the President comes first.‚Ä¶
1244243321071054853,RT @badluck_jones: Priceless: Greg Gutfeld Nails Hillary Clinton on Her Disgusting Tweet to Trump - https://t.co/X1xXK2zKWd via @100percFED‚Ä¶
1244243323755380737,RT @redsteeze: The NY Times is actually running a piece that a woman with an MD, BS, rose to the rank of Colonel in the US Army, was Barack‚Ä¶
1244243323784531968,Not just those we think of on "the Left" either. See the media, the pundit class, Never Trumpers, etc. 

A *lot* of‚Ä¶ https://t.co/OCqWTIVNWQ
1244243324636192769,Bernie Sanders Continues to Prove HE'S the Leader We Need Right Now https://t.co/8GCaH6Qju0 via @YouTube
1244243327450521600,RT @PepperOceanna: Bernie Sanders is fighting for us everyday. It's time to #UniteWithBernie 

Pass it on!
1244243328721436673,Let's not forget the battle that set this whole thing off: Flavor Flav vs. Chuck D and Bernie Sanders.
1244243329640005634,RT @jacobinmag: Elected mayor of Vermont‚Äôs biggest city, Bernie Sanders found himself stymied by an obstructionist local establishment at e‚Ä¶
1244243337395216384,RT @Orcusa1: Hillary Clinton now thinks she has indisputable right not to answer questions about her emai server and Benghazi.

She needs t‚Ä¶
1244243340645691393,RT @SameeraKhan: I fucking hate Hillary Clinton.
1244243342013222912,RT @JennUWinn84: Absolutely agree, we need a real populist to defeat the fake one in the WH #UniteWithBernie https://t.co/DmWdjN59q6
1244243356579921928,RT @pauldejean65: @HillaryClinton Judge to @JudicialWatch: It's time to hear from Hillary Clinton @OANN 
https://t.co/TYv02oWhYw https://t.‚Ä¶
1244243359117565952,RT @sullydish: The leftism of journalists.
1244243364381372419,RT @OIRSpox: Today, @Coalition troops transferred $1 million of property as they depart the @CJTFOIR compound inside K1 Iraqi Air Base. Thi‚Ä¶
1244243366755233792,RT @VV4Change: Bernie Sanders says "$2000 a month to everyone," US media treats him like a lunatic. Canada's Justin Trudeau does it and he'‚Ä¶
1244243372061208576,Tf ever happened to ISIS?
1244243375282360320,RT @politvidchannel: BEST TWEET OF THE WEEK

Hillary Clinton: "Please do not take medical advice from a man who looked directly at a solar‚Ä¶
1244243376632971272,RT @OIRSpox: The @iraqicts is balancing two BIG tasks: keeping Iraqis safe from #Covid_19 and hunting ISIS remnants. The ISF demonstrates c‚Ä¶
1244243377383710721,RT @KatBrezler: The president sent Florida, AKA his base, 200% of the aide they requested.

New York has received 2% of the aide it needs.
1244243380365713416,RT @jackcalifano: Bernie Sanders is the reason 3.3 million unemployed Americans are going to get their paychecks next week. Don‚Äôt tell me h‚Ä¶
1244243387479400448,@USA_Polling Who were you polling? Sanders real supporters are either writing Bernie in in states that they can or‚Ä¶ https://t.co/4NQlVfnqul
1244243396027269121,RT @Bill_Cimbrelo: Bernie Sanders is fighting for us everyday. It's time to #UniteWithBernie 

Pass it on!
1244243397423943681,RT @Cherry46965161: @maryhui What the shit garbage slogan. Under #HKPoliceState, Hong Kong police are far more worse than ISIS terrorists h‚Ä¶
1244243398762037248,RT @CRRJA5: .@realDonaldTrump Dec 4,2017  I feel badly for @GenFlynn  He led a very strong life They ruined his life 
Hillary Clinton Lied‚Ä¶
1244243402973216771,RT @TRUMPkittyMommy: We listened &amp; watched as @HillaryClinton &amp; @BarackObama did nothing ~ or so we thought.
Later, we found out about the‚Ä¶
1244243407058407425,RT @BryanDeanWright: In a leaked 2015 strategy document, the Hillary Clinton campaign said of reporter @maggieNYT:

‚ÄúWe have had her tee up‚Ä¶
1244243415216390144,RT @blaze0497: Harrison is a man who truly understands just how dangerous Barack Obama was for America. The negative effects of his preside‚Ä¶
1244243418299224065,This is crazy! How could any bernie supporter go that way? @BernieSanders really needs to keep his supporters in th‚Ä¶ https://t.co/Tit8skSzHF
1244243420216004609,RT @ACTforAmerica: Under President Barack H Obama:

H1N1 Virus (Swine Flu)

U.S. Cases: 60.8 Million

U.S. Deaths 12,469 

Panic Level: NON‚Ä¶
1244243422480863233,RT @HeyTammyBruce: This. Because this is how terrified the left is of one powerful woman, Dr. Deborah Birx, who dares to be honest, her own‚Ä¶
1244243424582254592,@Lukericardo @LLeikus And she was forced to stay calm when in fact, she should have looked much more like Bernie Sa‚Ä¶ https://t.co/smDfi7VrEf
1244243425379131393,RT @RoseFasa: CW: Antisemitism, swastiska

Nazis vandalized a Bernie Sanders office in Florida. They spray painted swastikas &amp; wrote, ‚Äúvoti‚Ä¶
1244243426884964352,RT @RoseFasa: CW: Antisemitism, swastiska

Nazis vandalized a Bernie Sanders office in Florida. They spray painted swastikas &amp; wrote, ‚Äúvoti‚Ä¶
1244243429732859909,RT @adamjohnsonNYC: Remember when Hillary Clinton‚Äôs campaign had the genius idea of treating Trump as somehow separate from the Republican‚Ä¶
1244243430215213058,@DavidKlion Considering the number of states that Bernie Sanders failed to win a single county, I would say Democra‚Ä¶ https://t.co/urpTpd4w20
1244243433025343494,RT @JennUWinn84: Absolutely agree, we need a real populist to defeat the fake one in the WH #UniteWithBernie https://t.co/DmWdjN59q6
1244243440323317765,CAA   IS   NOT    AGAIST THE  MUSLIM   MODI  IS  ALWAY  TO  BE  FRIENDS  OF  MUSLIM  BUT  HATE  THE  SUPPORTER OF I‚Ä¶ https://t.co/AjZxm46xYF
1244243451056721920,RT @TomFitton: NEW: Emails show how Hillary Clinton protected from investigation over Weiner laptop by FBI for full month during presidenti‚Ä¶
1244243452801343488,RT @politics1000000: This is status quo politics.
This is corruption reported as ho-hum matter of fact.
Joe Biden does not represent the pe‚Ä¶
1244243455238340610,RT @CRRJA5: .@realDonaldTrump Dec 4,2017  I feel badly for @GenFlynn  He led a very strong life They ruined his life 
Hillary Clinton Lied‚Ä¶
1244243467464826881,An Open Letter to George W. Bush and Barack Obama - The Bulwark@barackobama@micheleobama https://t.co/zOXxUEtIHF
1244243470145015808,RT @DrJaneRuby: The @DNC is in collusion with The Chinese Communist Party

China is citing CNN

China is citing NBC

China is citing Hillar‚Ä¶
1244243896223358977,RT @theJagmeetSingh: The plight of Afghan Sikhs &amp; Hindus is one of tremendous suffering.

In the last 3 days ISIS has massacred them while‚Ä¶
1244243897355812864,RT @GottaBernNow: We Need Medicare for All and Bernie Sanders More Than Ever | The Indypendent #UniteWithBernie  https://t.co/mwppbxAHkr
1244243906545541120,RT @Hit_Boy: I heard Barack Obama and Bill Gates tapped into me and @Boi1da Battle last night. One for the üìö üìñ
1244243906612604928,RT @AngeleStar111: Former Hillary Clinton Staffer Tells Trump Supporters To ‚ÄòChew Some Ibuprofen And Be On With Your Day,‚Äô Refuse Ventilato‚Ä¶
1244243915533926403,Anyone that is seeking to vote for "mentally fit" Joe Biden is wearing "what the rest of the world sees."

It's cle‚Ä¶ https://t.co/2Bw8gE1jI0
1244243916540514307,RT @GunnelsWarren: 13 years after Bernie 1st introduced the National Housing Trust Fund, the funds became available to construct new housin‚Ä¶
1244243917085847552,RT @JoeTornabene1: Here are two positive Dem contributions:
1. The Dems ran the vile, soulless, Hillary Clinton for President in 2016 which‚Ä¶
1244243920923615235,RT @RealErinCruz: Again, one word: Benghazi 
One more thing... @HillaryClinton &amp; @BarackObama blamed a video
And.... her famous words: ‚Äòwha‚Ä¶
1244243924081926145,RT @RoseFasa: CW: Antisemitism, swastiska

Nazis vandalized a Bernie Sanders office in Florida. They spray painted swastikas &amp; wrote, ‚Äúvoti‚Ä¶
1244243924501348353,As if...
1244243932063698944,RT @cmac324: @CNNPolitics Andrew Cuomo is no hero! Don't you dare prop him up as a presidential candidate. We need Bernie Sanders!
https://‚Ä¶
1244243936618655744,RT @KazeSkyz: @NYTimesPR @jaketapper She colluded with the Hillary Clinton campaign - as exposed by Wikileaks - she is NOT a journalist, sh‚Ä¶
1244243939131097088,RT @CRRJA5: .@realDonaldTrump Dec 4,2017  I feel badly for @GenFlynn  He led a very strong life They ruined his life 
Hillary Clinton Lied‚Ä¶
1244243939613343744,RT @CRRJA5: .@realDonaldTrump Dec 4,2017  I feel badly for @GenFlynn  He led a very strong life They ruined his life 
Hillary Clinton Lied‚Ä¶
1244243940859142146,RT @MartelLane: Save The Children
1244243940900995072,Bernie Sanders Says JFK‚Äôs Opposition to the Castro Regime Made Him Want to ‚ÄòPuke‚Äô https://t.co/UtOZ9aw26D
1244243943698685952,Targeted #ISIS accounts
https://t.co/ry8Ti8w1hu üèÉ
https://t.co/VpMbATmsDd
https://t.co/zM6og6Qcbs üèÉ
#targets #iceisis #opiceisis
1244243947330973696,RT @RedBeretsM4All: Bernie Sanders inspired me to become an organizer. I‚Äôm a veteran for peace &amp; now, I fight for #MedicareForAll, please s‚Ä¶
1244243953341399040,RT @CRRJA5: .@realDonaldTrump Dec 4,2017  I feel badly for @GenFlynn  He led a very strong life They ruined his life 
Hillary Clinton Lied‚Ä¶
1244243956600274945,RT @BryanDeanWright: In a leaked 2015 strategy document, the Hillary Clinton campaign said of reporter @maggieNYT:

‚ÄúWe have had her tee up‚Ä¶
1244243959498641413,RT @Orcusa1: Hillary Clinton now thinks she has indisputable right not to answer questions about her emai server and Benghazi.

She needs t‚Ä¶
1244243964066136064,RT @charliekirk11: Did you know:

3 days before he left office, Barack Obama appointed Susan Rice &amp; Valerie Jarrett to the Kennedy Center's‚Ä¶
1244243971985018880,RT @politvidchannel: BEST TWEET OF THE WEEK

Hillary Clinton: "Please do not take medical advice from a man who looked directly at a solar‚Ä¶
1244243974312902662,RT @RhinoRedwood: The Intercept is Fox News for people who think Bernie Sanders is a civil rights hero.
1244243979102715905,RT @Orcusa1: Hillary Clinton now thinks she has indisputable right not to answer questions about her emai server and Benghazi.

She needs t‚Ä¶
1244243986992099328,RT @AsYouNotWish: India should exchange Sikhs facing terrorism in Afghanistan for namak-haram Khalistani supremacists who feel a close conn‚Ä¶
1244243989366276098,Inanna-Ishtar, Isis, Mary Magdalene: Recovering the Lineage of the Lost Goddess and Other Stolen Stories‚Ä¶ https://t.co/EeDilboSDe
1244243994420424704,RT @franifio: In a pandemic, everyone‚Äôs a Bernie bro. ‚Äú6 Ways Coronavirus Is Proving Bernie Sanders Right‚Äù from Newsbroke‚Äôs Helter Shelter‚Ä¶
1244243995120693251,RT @wildwestleft: @KaivanShroff @RaeMargaret61 @HillaryClinton @realDonaldTrump The Clinton Foundations has been helping with medical issue‚Ä¶
1244244004155183105,RT @GKeile: Gutfeld: The best thing about social media is it reminded everybody that Hillary Clinton is a complete and utter jacka*s loser‚Ä¶
1244244007816839168,RT @SameeraKhan: I fucking hate Hillary Clinton.
1244244012409782272,RT @RealErinCruz: Again, one word: Benghazi 
One more thing... @HillaryClinton &amp; @BarackObama blamed a video
And.... her famous words: ‚Äòwha‚Ä¶
1244244017572806656,RT @KHiveQueenB: Bernie Sanders would lose to Joe Biden even if Joe really was dead and we made him into a hologram and told everyone what‚Ä¶
1244244020139896833,RT @politvidchannel: BEST TWEET OF THE WEEK

Hillary Clinton: "Please do not take medical advice from a man who looked directly at a solar‚Ä¶
1244244026968195073,RT @HeyTammyBruce: This. Because this is how terrified the left is of one powerful woman, Dr. Deborah Birx, who dares to be honest, her own‚Ä¶
1244244028398460930,RT @grahamelwood: I predicted this over a week ago. The DNC will do anything to not have Bernie as the nomination. Just wait til Cuomo‚Äôs VP‚Ä¶
1244244037776932867,RT @DailyCaller: Greg Gutfeld Shreds Hillary Clinton For Believing China‚Äôs Coronavirus Data: ‚ÄòYou Are What Scientists Would Call A Scumbag.‚Ä¶
1244244039488192514,The entire planet is focused on the pandemic and Trump. Bernie Sanders and Putin are focused on Biden. Weird. üá∑üá∫
1244244045091631104,RT @AngeleStar111: Former Hillary Clinton Staffer Tells Trump Supporters To ‚ÄòChew Some Ibuprofen And Be On With Your Day,‚Äô Refuse Ventilato‚Ä¶
1244244045809016834,RT @JewelsJourneys: Tell us something that we don't know. White fauxgressives will commit genocide for @BernieSanders and the are just foll‚Ä¶
1244244054709321730,RT @jewdas: We will outlive them ‚ú°Ô∏è

Solidarity with Bernie Sanders and everyone on his campaign facing down this Nazi threat ‚úä
1244244055585746946,RT @JoeJSaltarelli: Holy ‚Äî‚Äî This man has never wavered in fighting for the American people over the interests of corporations. Take 2 minut‚Ä¶
1244244057544679429,RT @GottaBernNow: We Need Medicare for All and Bernie Sanders More Than Ever | The Indypendent #UniteWithBernie  https://t.co/mwppbxAHkr
1244244061420224513,RT @CRRJA5: .@realDonaldTrump Dec 4,2017  I feel badly for @GenFlynn  He led a very strong life They ruined his life 
Hillary Clinton Lied‚Ä¶
1244244069737521155,y'know just bc you like bernie sanders everyone thinks you hate rich people and think they deserve no rights. like‚Ä¶ https://t.co/Psz3UlwfUN
1244244072216305664,@realDailyWire Hillary Rodham Clinton is pure toxicity.
1244244075877982209,RT @redsteeze: The NY Times is actually running a piece that a woman with an MD, BS, rose to the rank of Colonel in the US Army, was Barack‚Ä¶
1244244079640227841,RT @KamVTV: Hillary Clinton and her media alies gleefully tout Coronavirus cases to slam Trump

Their hatred for the President comes first.‚Ä¶
1244244081779322882,RT @KamVTV: Hillary Clinton and her media alies gleefully tout Coronavirus cases to slam Trump

Their hatred for the President comes first.‚Ä¶
1244244087206748162,RT @billscher: ...With Obama and Hillary Clinton, generational voting patterns moved in one direction: the older the voter, the more Republ‚Ä¶
1244244091329810433,This pistol-packing grandma turned out alive. $1k for new york
media: hillary clinton's staff: she is this game for new
1244244093359792129,RT @redsteeze: The NY Times is actually running a piece that a woman with an MD, BS, rose to the rank of Colonel in the US Army, was Barack‚Ä¶
1244244093804392450,@LumpyLouish Whether you believe any of the 3 women listed, Donald Trump is STILL POTUS! He set new rules! Why didn‚Ä¶ https://t.co/MYVgoFRrww
1244244095062736897,RT @ACTforAmerica: Under President Barack H Obama:

H1N1 Virus (Swine Flu)

U.S. Cases: 60.8 Million

U.S. Deaths 12,469 

Panic Level: NON‚Ä¶
1244244097021480961,RT @RoseFasa: CW: Antisemitism, swastiska

Nazis vandalized a Bernie Sanders office in Florida. They spray painted swastikas &amp; wrote, ‚Äúvoti‚Ä¶
1244244105842036736,@NathanJRobinson Anyone who compares Bernie Sanders to FDR has to be on something
1244244106009853952,RT @AndrewPollackFL: China is citing CNN

China is citing NBC

China is citing Hillary Clinton

China is citing Bill de Blasio

It‚Äôs disgus‚Ä¶
1244244106563420160,RT @TomFitton: Hillary Clinton alleges she is too important, as a former gov't official, to be required to comply with a federal court orde‚Ä¶
1244244108799029250,That's what we're facing once again this year, and it's why polls showing Democrats generally unenthused by Biden c‚Ä¶ https://t.co/cCbLrKpHtz
1244244111449903104,This isn't exclusively a Biden problem. Bernie Sanders ran a divisive primary campaign and was counting on sliding‚Ä¶ https://t.co/WlLV2bIEE1
1244244120492802054,@jNichol89443402 @HillaryClinton @realDonaldTrump I'm remembering the folks that are dying as we speak in 2020 righ‚Ä¶ https://t.co/pv362GkDec
1244244124598927360,RT @4aPeoplesParty: Polls from September 2016, showed a deep enthusiasm gap with Hillary Clinton. So now that the establishment has coalesc‚Ä¶
1244244127476219905,@ellchicago @arpisharma @agraybee @annanorthtweets @rtraister Aside from Gray, who in practice does not seem to be‚Ä¶ https://t.co/QUNeY9f1oK
1244244129082556418,RT @TomFitton: Hillary Clinton alleges she is too important, as a former gov't official, to be required to comply with a federal court orde‚Ä¶
1244244129808146432,RT @Orcusa1: Hillary Clinton now thinks she has indisputable right not to answer questions about her emai server and Benghazi.

She needs t‚Ä¶
1244244135445487618,RT @DailyCaller: Greg Gutfeld Shreds Hillary Clinton For Believing China‚Äôs Coronavirus Data: ‚ÄòYou Are What Scientists Would Call A Scumbag.‚Ä¶
1244244137336901633,RT @thebradfordfile: It was good for the country to see Hillary Clinton joke about Americans getting infected with a deadly virus during a‚Ä¶
1244244144253480963,RT @BlueSteelDC: We are not going to let leadership pretend they don‚Äôt see Bernie doing this - this time. @SpeakerPelosi @SenSchumer @TomPe‚Ä¶
1244244147583758336,RT @AzadiRojava: After Iraq took over Kirkuk from Kurds, daesh presence became stronger there every day. @coalition retreating won't improv‚Ä¶
1244244152294014982,So what do you call these beatdowns @ABCPolitics? Joe is turning out voters in record numbers in this primary and c‚Ä¶ https://t.co/2EZkKVaslK
1244244154952998912,The Barack Obama of India
1244244156022693888,RT @Orcusa1: Hillary Clinton now thinks she has indisputable right not to answer questions about her emai server and Benghazi.

She needs t‚Ä¶
1244244170325311488,RT @putintintin1: #Syria in 2018, regime soldiers conscripted after 2011 launched "we want to be demobilized" for draftees who were kept si‚Ä¶
1244244172921593856,RT @BryanDeanWright: In a leaked 2015 strategy document, the Hillary Clinton campaign said of reporter @maggieNYT:

‚ÄúWe have had her tee up‚Ä¶
1244244173689102337,RT @WayneDupreeShow: Yowza! Ted Cruz put that wicked witch back on her broom and ran her straight outta town üòÇ

https://t.co/1nUPtmkVOE
1244244182589374464,RT @RhinoRedwood: The Intercept is Fox News for people who think Bernie Sanders is a civil rights hero.
1244244184783114240,RT @_EthanGrey: We're not doing this again. People are dying because Hillary Clinton isn't presiding over our national response to a pandem‚Ä¶
1244244190957056003,RT @charliekirk11: RT if you‚Äôre thankful Donald Trump is leading us through this pandemic and NOT Hillary Clinton!
1244244191477141504,@RonBrownstein @MalcolmNance @SenSanders @JoeBiden Hillary Clinton stayed in the race after she was mathematically eliminated in 2008.
1244244191900774401,RT @DebraTweets: @mikenelson586 @MalcolmNance Would Hillary Clinton have:

Disbanded the pandemic team
Cut staff in China
Cut funding
Disre‚Ä¶
1244244192030851075,RT @TheantiantiZio1: Come to think of it, Democrats could have easily snuffed out Bernie Sanders' hostile takeover by calling out the antis‚Ä¶
1244244193750417408,RT @jacobinmag: The tendency to divorce racial disparities from economic inequality has a long liberal lineage. https://t.co/q936HQHnGY
1244244194849427456,Great article
1244244214797553664,RT @KamVTV: Hillary Clinton and her media alies gleefully tout Coronavirus cases to slam Trump

Their hatred for the President comes first.‚Ä¶
1244244215548297217,RT @grahamelwood: I predicted this over a week ago. The DNC will do anything to not have Bernie as the nomination. Just wait til Cuomo‚Äôs VP‚Ä¶
1244244215967744008,RT @HeyTammyBruce: This. Because this is how terrified the left is of one powerful woman, Dr. Deborah Birx, who dares to be honest, her own‚Ä¶
1244244216278024194,RT @RedBeretsM4All: Bernie Sanders inspired me to become an organizer. I‚Äôm a veteran for peace &amp; now, I fight for #MedicareForAll, please s‚Ä¶
1244244225111339008,Where is Bernie Sanders? Where is the workers leader? Because the only candidates that seem to be doing something t‚Ä¶ https://t.co/1cTwvty8z8
1244244226906431488,RT @DailyCaller: Greg Gutfeld Shreds Hillary Clinton For Believing China‚Äôs Coronavirus Data: ‚ÄòYou Are What Scientists Would Call A Scumbag.‚Ä¶
1244244227871080448,RT @CRRJA5: .@realDonaldTrump Dec 4,2017  I feel badly for @GenFlynn  He led a very strong life They ruined his life 
Hillary Clinton Lied‚Ä¶
1244244227917262849,RT @CharlieDaniels: Ironic Hillary Clinton criticizing President Trump for his handling of the Coronavirus crisis when , backed by the migh‚Ä¶
1244244231633473536,#Netflix: #Messiah   #Dajjal Musalman Ho Ga Ya Yahoodi?  https://t.co/JAGZC5IoQp Will Anti Christ be a #Muslim or a‚Ä¶ https://t.co/ovSYpeQBOk
1244244231738347520,#Netflix: #Messiah   #Dajjal Musalman Ho Ga Ya Yahoodi?  https://t.co/CTXtwukoxf Will Anti Christ be a #Muslim or a‚Ä¶ https://t.co/zMH79MUYtg
1244244235492171781,RT @Daly81: First of all get your shit straight. It‚Äôs Bernie supporters that have harassed Biden supporters and every supporter of every da‚Ä¶
1244244237899759617,RT @ironyguillotine: remember when elizabeth warren excoriated bloomberg in the debates for his alleged sexual abuse &amp; then said nothing at‚Ä¶
1244244241309720577,RT @politvidchannel: BEST TWEET OF THE WEEK

Hillary Clinton: "Please do not take medical advice from a man who looked directly at a solar‚Ä¶
1244244241649451014,RT @MeghanBeeby: @fred_guttenberg @JoeBiden Would be nice if #sanders FINALLY admitted he's not wanted by the majority &amp; actually campaigne‚Ä¶
1244244242278555651,RT @CRRJA5: .@realDonaldTrump Dec 4,2017  I feel badly for @GenFlynn  He led a very strong life They ruined his life 
Hillary Clinton Lied‚Ä¶
1244244243964497925,@jackiembouvier @JustJoshinNH Let's investigate this and trump and Hunter and ivanka and Jane Sanders.  Otherwise f‚Ä¶ https://t.co/1ApkZeVqMp
1244244245256572929,@FCDallasMom2 @CoronaCoreanici @sarah_danahy @JordanUhl @chick_in_kiev As dem leadership, Bernie Sanders played a r‚Ä¶ https://t.co/ofKW6E3ADo
1250824563442814977,Targeted #ISIS accounts
https://t.co/wCv5daQrdH üÜï
https://t.co/HYMmtJR9Cb üÜï
https://t.co/qneJrrWPPd üÜï
#targets #iceisis #opiceisis
1250824563677528064,RT @T_S_P_O_O_K_Y: As I've said since March of 2017... https://t.co/ScqIud4yxp
1250824564788957186,IM/SIMI/ISIS scheduled caste Dr. Kanchana Gopinath SONY INDIA PVT. LTD. &amp; Other Backward Class Riyad Rasheed's( D-W‚Ä¶ https://t.co/0rzu8JElPB
1250824565690941442,RT @MinorityRights: The #COVID19 pandemic is exacerbating an ongoing crisis that affects displaced communities in Iraq, including the survi‚Ä¶
1250824569532932097,It's a recurring problem. You do realpolitik. You speak strategically instead of honestly. People see it, and lose‚Ä¶ https://t.co/9NhvgdEEJz
1250824575568326656,RT @BTSVAFRICA: Congratulations KING üòç

BTS V's Tweet¬†jamming to¬†'Intentions' by¬†Justin Bieber¬†has¬†surpassed¬†2 Million likes¬†on Twitter¬†mak‚Ä¶
1250824575832686598,RT @robrousseau: after Bernie's historic blowout win in Nevada, the following week-long news cycle was about his praise for Cuba's literacy‚Ä¶
1250824578349371394,RT @IsaacDovere: Biden quote tonight at a virtual fundraiser, compared to the famous Hillary Clinton "basket of deplorables" quote in full‚Ä¶
1250824583097257986,RT @monicaonairtalk: @DeAnna4Congress Hillary Clinton.
1250824587836657664,RT @Jamierodr14: WTH

Researchers Reveal Clinton Foundation is Linked to the WHO, PEPFAR, the Gates Foundation and the Global Fund

Stop bl‚Ä¶
1250824589086732293,RT @johniadarola: From CBS News' Bernie Sanders interview this morning, on the Tara Reade allegations: https://t.co/IyZadd4r0m
1250824590047285252,RT @DailyCaller: Steele Source Voiced ‚ÄòStrong Support‚Äô For Hillary Clinton, Had Ties To Kremlin https://t.co/wc09dk0yQo
1250824590948995073,RT @JordanUhl: he was literally compared to the coronavirus and his campaign to the fall of france
1250824594329464832,RT @WaywardWinifred: Senator Sanders does not mince words in this clip. Tara Reade has the right to be heard and she deserves a public hear‚Ä¶
1250824594438619136,RT @DevinNunes: The Only 2016 Campaign That Colluded With Russia Was Hillary Clinton's ‚Å¶@seanmdav‚Å©  https://t.co/KiGLyWaHN0
1250824594556162049,RT @atensnut: Hillary Clinton Hit With Crushing Blow As State And Justice Departments Agree She Must Testify Over Benghazi https://t.co/T1G‚Ä¶
1250824594635644929,RT @robrousseau: after Bernie's historic blowout win in Nevada, the following week-long news cycle was about his praise for Cuba's literacy‚Ä¶
1250824594954629123,RT @kthalps: It's both stunning &amp; predictable that you would deny a media bias against Sanders when you were part of it. In October you twe‚Ä¶
1250824595332116480,RT @robrousseau: after Bernie's historic blowout win in Nevada, the following week-long news cycle was about his praise for Cuba's literacy‚Ä¶
1250824596158328834,RT @DailyCaller: Steele Source Voiced ‚ÄòStrong Support‚Äô For Hillary Clinton, Had Ties To Kremlin https://t.co/wc09dk0yQo
1250824596502261764,RT @JordanUhl: he was literally compared to the coronavirus and his campaign to the fall of france https://t.co/xjuXZCVR94
1250824596858654720,RT @Daytobehappy: Pocahontas ripped Bloomberg over non-disclosure agreements but endorsed pervert Joe Biden. Alyssa Milano still trashes Br‚Ä¶
1250824597739536386,RT @ThomasLinkoff: Mainstream media feels pretty convinced 80% of Bernie Sanders supporters will vote for Joe Biden in the General Election‚Ä¶
1250824598184235008,RT @meaganmday: This is incredible. MSNBC basically wanted its viewers to hear from Bernie on one day and one day only: the day after Super‚Ä¶
1250824598788009984,RT @atensnut: Hillary Clinton Hit With Crushing Blow As State And Justice Departments Agree She Must Testify Over Benghazi https://t.co/T1G‚Ä¶
1250824598767251457,RT @SheepKnowMore: #FakeNews losing their minds about Trump doing normal president stuff. Pity they forgot Obama did the exact same thing.‚Ä¶
1250824600394641408,RT @AlytaDeLeon: Bernie Sanders couldn't take on the DNC and Obama; he was never going to take on the pharmaceutical, MIC, fossil fuel, ind‚Ä¶
1250824601329950720,RT @drmistercody: @CillizzaCNN Aw heck Chris aw jeez.

https://t.co/kuzBOPo23n
1250824601434759168,RT @DailyCaller: Steele Source Voiced ‚ÄòStrong Support‚Äô For Hillary Clinton, Had Ties To Kremlin https://t.co/wc09dk0yQo
1250824602344804353,@ashokepandit @republic @Republic_Bharat @ZeeNews @sudhirchaudhary @RajatSharmaLive @indiatvnews Throw Ejaz Khan to‚Ä¶ https://t.co/MJLf2fONgw
1250824605599588352,As D-Company Dwise's IM/SIMI/ISIS gang spread confidential terrorism by their gang similar way they are going to sp‚Ä¶ https://t.co/UTynCrhZIn
1250824606291722241,RT @filmthebern: One day I‚Äôll tell my grandchildren about the time I gaffe taped Bernie Sanders‚Äô iPad to a cushion so he could talk with hi‚Ä¶
1250824609211047937,RT @smalltownandrew: Michelle and BARACK Obama are no longer lawyers. Why not?

President Trump is judged based off of his success. The Oba‚Ä¶
1250824609408200704,RT @QAnonNotables: Judicial Watch served a subpoena yesterday on Google to produce Hillary Clinton‚Äôs missing emails from the Google account‚Ä¶
1250824611660361729,RT @JordanUhl: he was literally compared to the coronavirus and his campaign to the fall of france
1250824612222513155,RT @DailyCaller: Steele Source Voiced ‚ÄòStrong Support‚Äô For Hillary Clinton, Had Ties To Kremlin https://t.co/wc09dk0yQo
1250824613208211456,@triciaonkiss @CillizzaCNN Well they did...were you not invited? 

https://t.co/qba5GYMErz
1250824614646878210,RT @DevinNunes: The Only 2016 Campaign That Colluded With Russia Was Hillary Clinton's ‚Å¶@seanmdav‚Å©  https://t.co/KiGLyWaHN0
1250824615217119233,RT @filmthebern: One day I‚Äôll tell my grandchildren about the time I gaffe taped Bernie Sanders‚Äô iPad to a cushion so he could talk with hi‚Ä¶
1250824615137382400,RT @laughingcat2016: ‚ÄúGoing negative‚Äù only became a problem in primary races when Bernie Sanders hit the scene. Neolibs don‚Äôt have anything‚Ä¶
1250824617452863489,RT @DavisSimon13: Q: do you support gay marriage
Biden: No
THIS IS YALLS CANDIDATE??
1250824618245488645,RT @JordanUhl: he was literally compared to the coronavirus and his campaign to the fall of france https://t.co/xjuXZCVR94
1250824620497752065,RT @BTSChartDaily: üìä@BTS_twt's V tweet reached +2M likes and is now the 5th most liked tweet of 2020.

BTS's V joins Barack Obama and Kobe‚Ä¶
1250824622003675136,The media &amp; @BarackObama. Don‚Äôt forget it was Obama who dealt the killing blow to the progressive movement by getti‚Ä¶ https://t.co/X2rnfGKfCu
1250824625497370624,@RanaAyyub @Adi_Magazine @mearasharma Hindu nationalism is must (if at all it is there), everyone is safe, more so‚Ä¶ https://t.co/jcRdNPqYzT
1250824625497559041,BOOM!!!
1250824626713829378,RT @smalltownandrew: Senator Ted Cruz Blasts Barack Obama After Obama Complains GOP Has a 'Propaganda Network'

Senator Cruz is right on th‚Ä¶
1250824628072861696,RT @EntheosShines: FORGOTTEN STORIES

Crooked Hillary Directed Her Maid Who Had No Security Clearance To Print/Handle/Organize Top Secret &amp;‚Ä¶
1250824629775749126,RT @DevinNunes: The Only 2016 Campaign That Colluded With Russia Was Hillary Clinton's ‚Å¶@seanmdav‚Å©  https://t.co/KiGLyWaHN0
1250824632178864128,RT @CarlKel94855901: @ThomasLinkoff @KyleKulinski @wow712 It Trump wins, DNC leadership will not change.  They will be rewarded for thwarti‚Ä¶
1250824636549365760,@NoIva0 @fizzy_limes @DanRiffle @DelanoTeddy @DavidKlion @SeanMcElwee I'm not because I didn't donate to Bernie "No refunds" Sanders.
1250824637107318790,RT @AyishaViews: This is how Isareli IDF treating Palestinians (women &amp; childrens). 

I see no difference between IDF and ISIS. Just cause‚Ä¶
1250824639661703169,RT @atensnut: Hillary Clinton Hit With Crushing Blow As State And Justice Departments Agree She Must Testify Over Benghazi https://t.co/T1G‚Ä¶
1250824640521318400,RT @DevinNunes: The Only 2016 Campaign That Colluded With Russia Was Hillary Clinton's ‚Å¶@seanmdav‚Å©  https://t.co/KiGLyWaHN0
1250824640655589376,RT @DevinNunes: The Only 2016 Campaign That Colluded With Russia Was Hillary Clinton's ‚Å¶@seanmdav‚Å©  https://t.co/KiGLyWaHN0
1250824640777187328,RT @whstancil: Polling reveals Warren as the most broadly popular of all the potential VP nominees among the party. It doesn‚Äôt matter that‚Ä¶
1250824640999460864,Top Muslim political group, which previously backed Bernie Sanders, now backs Biden https://t.co/EWQoUCklzw #SmartNews
1250824641435693056,RT @DevinNunes: The Only 2016 Campaign That Colluded With Russia Was Hillary Clinton's ‚Å¶@seanmdav‚Å©  https://t.co/KiGLyWaHN0
1250824644128636932,RT @Thinking4UrSelf: üí•üí•üí•üí•üí•:üí•üí•üí•üí•üí•
 JUDICIAL WATCH SERVED SUBPOENA yesterday ON GOOGLE TO PRODUCE #HRC MISSING EMAILS
#JudicialWatch #Google‚Ä¶
1250824644384489473,RT @robrousseau: after Bernie's historic blowout win in Nevada, the following week-long news cycle was about his praise for Cuba's literacy‚Ä¶
1250824647479898112,RT @MarkAmesExiled: New party line: Hillary Clinton paid Britain's top Russia spy to produce Putin's disinformation &amp; plant it in US media.‚Ä¶
1250824650621423618,RT @Rev_Xavier_: I got my $1200 this morning and I‚Äôve already flipped 3 properties. I have dinner scheduled with Jay-Z. I‚Äôm meeting Bill Ga‚Ä¶
1250824650688356353,RT @drmistercody: @CillizzaCNN Aw heck Chris aw jeez.

https://t.co/kuzBOPo23n
1250824655411261441,RT @kthalps: It's both stunning &amp; predictable that you would deny a media bias against Sanders when you were part of it. In October you twe‚Ä¶
1250824662893973512,HRCIS AN IDIOT
1250824667650113541,RT @robrousseau: after Bernie's historic blowout win in Nevada, the following week-long news cycle was about his praise for Cuba's literacy‚Ä¶
1250824670443720705,Steele Source Voiced ‚ÄòStrong Support‚Äô For Hillary Clinton, Had Ties To Kremlin https://t.co/kCAzdyHj2y via @dailycaller
1250824673765412865,RT @RyanAFournier: Which sold out faster this month?

Bernie Sanders or Toilet Paper

ü§£
1250824674818359298,@CompSocialSci @MSNBC @BernieSanders Don't forget all the times MSNBC blatantly altered polling data or conventions‚Ä¶ https://t.co/04wmm759tT
1250824675455836160,RT @atensnut: Hillary Clinton Hit With Crushing Blow As State And Justice Departments Agree She Must Testify Over Benghazi https://t.co/T1G‚Ä¶
1250824675644465158,RT @ttagaris: Here is what people don‚Äôt seem to understand: just giving Bernie‚Äôs email list away wouldn‚Äôt just reproduce his success for so‚Ä¶
1250824676692987904,RT @BlondieVex: üëáHillary Clinton belongs in Jailüëá
Never trust a women that destroys the life of a 12-yr-old girl that was RAPED &amp; laughed w‚Ä¶
1250824678354100229,RT @kthalps: It's both stunning &amp; predictable that you would deny a media bias against Sanders when you were part of it. In October you twe‚Ä¶
1250824682254880769,RT @DailyCaller: Steele Source Voiced ‚ÄòStrong Support‚Äô For Hillary Clinton, Had Ties To Kremlin https://t.co/wc09dk0yQo
1250824682514731008,RT @LadyQanuck: Google Subpoenaed For Hillary Clinton Emails Believed To Contain Backup To Records Scrubbed With "Bleachbit"

We have it al‚Ä¶
1250824682770763778,@darkdomme1 This is why socialism is such a hard sell in the US, tbh. Even Bernie Sanders has an interest in the stock market.
1250824684016414726,RT @robrousseau: after Bernie's historic blowout win in Nevada, the following week-long news cycle was about his praise for Cuba's literacy‚Ä¶
1250824684033228802,RT @PLB21956: @ScottPresler @RNtcc17 I don‚Äôt trust WHO, China, UN, media, democrats in general, Nancy Pelosi, Schumer, Obama, Biden, Bernie‚Ä¶
1250824684389744641,RT @seanmdav: The Only 2016 Campaign That Colluded With Russia Was Hillary Clinton's https://t.co/Y0n1jDtDZ9
1250824684687421441,RT @AsYouNotWish: Jagmohan was responsible for Kashmiri Pandit exodus.

Indira was responsible for Sikh radicalisation.

BJP was responsibl‚Ä¶
1250824685094236161,RT @BTSChartDaily: üìä@BTS_twt's V tweet reached +2M likes and is now the 5th most liked tweet of 2020.

BTS's V joins Barack Obama and Kobe‚Ä¶
1250824685970788352,RT @robrousseau: after Bernie's historic blowout win in Nevada, the following week-long news cycle was about his praise for Cuba's literacy‚Ä¶
1250824690131767299,RT @DailyCaller: Steele Source Voiced ‚ÄòStrong Support‚Äô For Hillary Clinton, Had Ties To Kremlin https://t.co/wc09dk0yQo
1250824690454728704,RT @kthalps: It's both stunning &amp; predictable that you would deny a media bias against Sanders when you were part of it. In October you twe‚Ä¶
1250824691834650625,RT @kthalps: It's both stunning &amp; predictable that you would deny a media bias against Sanders when you were part of it. In October you twe‚Ä¶
1250824694988771330,RT @thetaeprint: [INFO] Kim Taehyung, Barack Obama and Kobe Bryant are the only celebrities to have a tweet surpass 2M likes in 2020. Congr‚Ä¶
1250824695772876800,RT @DevinNunes: The Only 2016 Campaign That Colluded With Russia Was Hillary Clinton's ‚Å¶@seanmdav‚Å©  https://t.co/KiGLyWaHN0
1250824698318987264,Maybe they‚Äôll put the squeeze on her and not let her lie. They will know the answers before they ask her the questi‚Ä¶ https://t.co/g0jYNkcr2c
1250824698692337664,RT @robrousseau: after Bernie's historic blowout win in Nevada, the following week-long news cycle was about his praise for Cuba's literacy‚Ä¶
1250824699002617870,RT @Mareq16: Google Subpoenaed For Hillary Clinton Emails Believed To Contain Backup To Records Scrubbed With "Bleachbit"

STRAP DOWN AND B‚Ä¶
1250824700667846661,RT @ThomasSowell: One of the reasons it has taken so long for some people to finally see through Barack Obama is that people do not like to‚Ä¶
1250824700395216902,RT @robrousseau: after Bernie's historic blowout win in Nevada, the following week-long news cycle was about his praise for Cuba's literacy‚Ä¶
1250824701867249664,@nkulw Obama has to SHUT out the Hillary Clinton Consultants...FOREVER from gaining POWER in the DNC!!!
1250824703289294853,RT @robrousseau: after Bernie's historic blowout win in Nevada, the following week-long news cycle was about his praise for Cuba's literacy‚Ä¶
1250824703930970115,RT @DailyCaller: Steele Source Voiced ‚ÄòStrong Support‚Äô For Hillary Clinton, Had Ties To Kremlin https://t.co/wc09dk0yQo
1250824705918947328,RT @UltraVerified: Remember: 

Democrats banded together to stop Bernie Sanders more than they ever did to stop

Reagan
The Bushes 
Trump
1250824708255150080,RT @Rev_Xavier_: I got my $1200 this morning and I‚Äôve already flipped 3 properties. I have dinner scheduled with Jay-Z. I‚Äôm meeting Bill Ga‚Ä¶
1250824711946358785,18+ nsfw dom sub top bottom porn boobs dick penis cock tiktok nudes benji jeyjey charli dixie addison lilhuddy chas‚Ä¶ https://t.co/zpK9fZuicO
1250824712709701634,Bernie has ALWAYS been #TrumpLeft.
1250824713779249152,RT @robrousseau: after Bernie's historic blowout win in Nevada, the following week-long news cycle was about his praise for Cuba's literacy‚Ä¶
